categoryName,view_count,likes,dislikes,comment_count
Howto & Style,63258,8303,58,449
News & Politics,1140286,106162,14663,22819
Music,5587549,371244,4272,34734
People & Blogs,131998,17192,145,1868
Entertainment,4741628,98269,4269,39911
Music,3829270,165525,6324,16441
Comedy,601107,53303,476,1268
Entertainment,164364,10138,212,833
Education,320166,9987,571,447
Autos & Vehicles,184380,15154,203,1069
News & Politics,507093,6380,544,3076
Sports,180555,5033,255,246
Entertainment,102944,6624,93,619
News & Politics,22218,1625,56,151
Gaming,33067,4318,70,333
Education,136817,1444,49,332
Gaming,1717984,62147,2662,6043
Howto & Style,398566,14941,558,2746
Gaming,434217,6059,204,2113
Music,119069,6756,150,586
Comedy,2027917,34223,969,4489
Film & Animation,166462,0,0,0
Howto & Style,716172,22481,648,4038
Education,35258,3188,56,128
Entertainment,374405,3835,337,2148
Science & Technology,55641,3059,62,213
Entertainment,2648838,44599,2233,3720
Autos & Vehicles,26272,1483,40,77
Sports,168958,9449,104,264
Sports,154690,8034,247,1400
Entertainment,61142,2193,94,132
Film & Animation,611950,15255,138,1950
Gaming,1723195,119662,766,1445
Music,1506035,282323,1537,30690
Entertainment,75737,4430,205,886
Comedy,772326,109159,880,7792
Autos & Vehicles,458712,37129,2322,1827
Sports,284476,2913,91,221
People & Blogs,231854,8340,222,1474
Entertainment,14630289,160447,18210,6337
Entertainment,447908,35050,1237,5015
Film & Animation,114982,16560,279,1501
Gaming,534173,75115,483,304
Autos & Vehicles,31799,324,19,52
Entertainment,258660,7036,232,599
Entertainment,405163,9802,1962,1170
People & Blogs,186253,1624,172,64
Gaming,1102973,42205,2176,5456
Entertainment,673232,6185,762,298
People & Blogs,121189,8783,52,363
Entertainment,1128763,20524,916,1520
Comedy,485456,100640,475,2382
Entertainment,202792,3480,134,237
Entertainment,154998,9843,54,749
Gaming,207136,7586,196,1147
People & Blogs,596041,73540,478,1436
Film & Animation,85632,11538,61,271
Sports,3963343,58362,2017,2089
Entertainment,179606,7017,210,1353
People & Blogs,101350,10207,244,558
Entertainment,55249,6416,68,699
Entertainment,134064,5913,241,264
News & Politics,438381,23592,449,2317
Science & Technology,1316283,76125,10536,15872
Entertainment,232798,3323,1186,262
Comedy,485743,57167,228,3266
Entertainment,2887882,99522,177599,46591
Sports,750326,10978,183,694
People & Blogs,18734,1223,18,89
Music,50898,1039,65,92
Sports,1414956,44356,1182,2622
Sports,265726,1431,82,196
Pets & Animals,426174,24532,172,4871
Gaming,6880563,524454,5683,30881
People & Blogs,101063,12760,423,1490
Howto & Style,33888,1520,78,176
Sports,761679,12710,611,2410
Entertainment,606239,58348,405,6863
Entertainment,1058150,54901,555,2225
People & Blogs,184058,8455,67,412
Music,19974970,2236039,29957,326857
News & Politics,429274,2992,191,610
Film & Animation,64528,6836,101,412
Gaming,154170,9472,278,2910
Science & Technology,437813,32797,775,1401
People & Blogs,29450,0,0,44
,285860,1893,527,560
People & Blogs,233427,33753,490,1146
People & Blogs,410021,33206,751,3607
Entertainment,325275,12069,345,759
Entertainment,903282,72047,1634,7440
People & Blogs,121073,2749,115,576
Comedy,728033,19327,45797,16109
People & Blogs,119159,9508,33,977
Sports,250160,0,0,0
Music,453953,10557,497,763
Science & Technology,34414,6012,31,598
People & Blogs,1839734,107168,2658,10912
Music,44967,1981,34,72
Music,39484,1156,22,127
Entertainment,986411,10391,508,850
Sports,2858394,43312,1327,2323
Gaming,62012,5441,29,81
Entertainment,183227,8518,102,237
People & Blogs,322556,27304,1994,14857
Howto & Style,219720,4256,110,198
Comedy,200050,1904,173,84
Autos & Vehicles,249670,17797,301,3411
Entertainment,1851453,56977,1203,4568
Comedy,45211,6389,43,180
Entertainment,3435972,64429,2420,26816
News & Politics,139954,6531,262,1002
Music,204735,1140,65,32
Music,1002703,130038,833,8190
Music,6543135,625005,34031,36275
People & Blogs,936198,4666,896,2119
Science & Technology,1129918,23506,822,1726
Music,314496,6526,8195,1290
Howto & Style,66311,3538,256,222
News & Politics,85289,4413,133,210
Gaming,176107,7420,1524,726
Sports,2235916,21964,938,6338
Entertainment,1049492,7835,323,871
Sports,472372,11797,382,1757
Music,2494366,47381,4357,2794
Music,667125,49710,2827,7176
Comedy,154474,12893,916,604
Entertainment,546913,15385,1579,4525
Music,387714,61918,450,2973
People & Blogs,201737,2934,544,2172
Entertainment,113899,2852,175,100
People & Blogs,247828,6925,368,845
Entertainment,936875,23570,444,1047
Entertainment,328800,8846,404,386
Sports,124819,4657,131,652
Music,381600,16534,242,619
Entertainment,240599,5726,63,0
Comedy,539008,19592,493,13467
News & Politics,1437075,14698,3217,10244
Entertainment,144859,8284,98,225
People & Blogs,658745,24977,459,1960
Pets & Animals,398768,7798,458,248
Autos & Vehicles,559765,35871,1103,1146
Entertainment,81490,228,24,12
Science & Technology,2057247,277038,6267,21303
News & Politics,114779,1169,202,1445
Sports,223350,7854,146,881
Entertainment,502328,24652,1597,924
Entertainment,163417,5065,255,0
Sports,587196,15551,233,1365
Entertainment,306232,8880,324,1256
Gaming,262502,1948,70,930
Entertainment,920417,18225,425,992
Sports,338079,6028,284,1162
Science & Technology,2578534,32538,3496,6053
Entertainment,1367389,199772,1053,6057
Entertainment,1628799,108334,1234,2497
People & Blogs,763609,79063,681,8950
Comedy,127935,21272,377,1518
People & Blogs,63481,5879,47,142
Entertainment,1766757,0,0,3054
Music,277401,9384,146,775
People & Blogs,528593,28716,1538,3078
Entertainment,209832,5246,103,145
Sports,660882,3179,2936,517
Comedy,1893320,196584,1893,13322
Music,44082,4410,34,262
Howto & Style,394248,23976,430,861
Science & Technology,2041444,184200,5609,7372
Entertainment,634224,72330,539,2631
Sports,104339,1502,50,180
Comedy,245419,20866,1159,945
Sports,289908,9171,148,615
Entertainment,318889,20927,481,1708
People & Blogs,1158877,27134,354,1492
Entertainment,777282,47746,1051,2653
Film & Animation,112540,719,154,32
Entertainment,190954,12910,212,151
Entertainment,477273,58822,640,934
Comedy,669495,46410,836,1977
News & Politics,104493,582,55,399
Science & Technology,211342,17059,145,562
News & Politics,818114,19237,1423,1974
Comedy,345755,32899,417,1165
People & Blogs,955876,23384,1636,1114
Comedy,375912,34848,331,2689
Howto & Style,174505,15194,167,294
Entertainment,238411,10086,273,391
Autos & Vehicles,57127,4245,44,95
News & Politics,1065822,70481,881,8286
Film & Animation,127644,16950,176,2016
Entertainment,1566933,231228,3854,13587
Entertainment,282268,10508,60,1069
Gaming,99439,5074,210,840
Entertainment,215345,5887,261,1216
Entertainment,610516,17482,211,530
Entertainment,975131,95957,3791,2117
Sports,194874,13666,442,1569
Comedy,881852,66158,2340,2871
Entertainment,219571,7266,181,716
,414221,54588,1729,6879
Entertainment,842901,105776,1840,4182
Entertainment,39136,1953,38,93
Sports,1962465,22970,646,1221
Comedy,1624611,40205,9817,947
Film & Animation,239797,19573,104,838
Entertainment,66466,1214,108,423
Film & Animation,335241,4649,183,213
Sports,162053,10413,127,472
Entertainment,67971,1571,45,74
Film & Animation,323081,1485,394,100
Howto & Style,143142,10463,109,245
News & Politics,83095,834,2031,0
Entertainment,104265,979,91,143
Entertainment,106810,23768,291,917
People & Blogs,914297,11626,477,1279
Gaming,750941,7397,1153,2841
Music,180908,11174,191,952
Entertainment,744799,23479,494,0
People & Blogs,113997,5416,477,203
Entertainment,260168,18608,156,461
Music,1756623,68257,476,2504
Travel & Events,596213,12389,683,1311
Sports,1329795,17553,676,2216
Sports,47353,387,9,17
Sports,180682,5175,47,140
Education,398060,17426,527,2745
Music,1876998,270424,2922,26811
Pets & Animals,479647,36171,1331,9892
Entertainment,1021918,65231,2702,2404
Autos & Vehicles,735260,29731,405,1793
Gaming,50184,9105,114,341
People & Blogs,425129,58686,634,4199
Sports,203406,2333,59,277
People & Blogs,442502,55300,1302,2489
Music,2154668,314263,8432,12106
Comedy,1032500,46109,2280,2904
Sports,815527,62396,1073,3970
Sports,653315,50154,1017,2344
Entertainment,4898765,120439,1932,13777
Music,97853,1702,37,125
People & Blogs,175807,8164,437,1704
Music,1918387,79253,2305,2766
Howto & Style,769268,3910,270,385
People & Blogs,92326,3806,75,192
Music,2775397,146855,2046,6930
Entertainment,78854,13563,129,1152
Howto & Style,767069,116201,735,32483
Comedy,1545323,62267,1576,21007
Sports,1145498,7631,332,3238
People & Blogs,930393,14404,176,1443
Entertainment,487715,30118,332,669
Music,302585,20746,822,1088
Entertainment,1853307,158432,1692,9746
Science & Technology,769177,45405,541,2681
People & Blogs,257178,35560,771,1420
Entertainment,1785865,13138,102,1383
Entertainment,117042,18644,102,968
Music,53227,312,25,5
People & Blogs,87539,11561,168,786
Entertainment,111537,11139,387,543
Entertainment,1080662,136298,1837,7007
Entertainment,1638900,50701,531,2510
Autos & Vehicles,316672,24974,213,1662
Entertainment,330109,28556,326,725
News & Politics,450645,13744,494,1095
Entertainment,1541237,27039,1594,2216
Sports,317046,16519,256,959
Entertainment,261545,4464,73,0
Entertainment,96673,2301,31,192
Sports,84792,2307,132,1218
Film & Animation,120334,488,80,16
Comedy,305790,33931,492,2216
Science & Technology,78309,961,36,396
Music,259506,9368,510,593
Autos & Vehicles,95143,12263,164,928
Comedy,213718,15178,318,535
Entertainment,38503,452,38,63
Gaming,2717614,85105,2273,4377
Comedy,1232082,52042,6455,5442
Music,618596,7424,276,71
Music,70688,7980,356,326
Autos & Vehicles,408666,4549,206,502
Entertainment,1252267,28460,552,835
Music,1774938,85626,228,6648
Science & Technology,262455,19502,478,1454
Sports,629398,14048,212,1804
Comedy,439068,7485,310,229
Entertainment,310761,33210,807,1072
Music,430691,25634,389,961
Film & Animation,169699,1132,180,80
Sports,24075,3028,36,212
Music,2503426,185628,55229,40427
Music,1259259,105855,943,7095
Music,1109424,96342,5124,6326
Entertainment,80465,9385,123,793
Sports,897300,59200,995,1866
Sports,351290,3844,196,692
Gaming,1753340,189452,7295,5657
Comedy,307815,3872,280,151
Autos & Vehicles,88651,7538,106,1094
Music,42384,2858,127,198
Entertainment,150512,22018,127,562
News & Politics,513543,4135,233,574
Music,34596,3605,13,108
Entertainment,3188992,184119,9445,44946
Sports,451859,6253,273,1052
Entertainment,3138375,280753,2810,13072
People & Blogs,563989,78695,470,1907
Sports,528315,5210,118,1198
People & Blogs,50014,3677,217,286
People & Blogs,539333,77680,1365,5295
Music,1359486,136799,382,38208
Howto & Style,126780,11409,75,971
Sports,910636,15273,188,1322
Comedy,755450,15228,734,1276
Sports,372462,6195,204,641
People & Blogs,34524,3571,14,111
Sports,341441,6681,101,930
Gaming,81893,5128,81,385
Science & Technology,4458696,64951,1024,748
Music,156784,1009,53,557
Entertainment,80925,1463,60,60
Comedy,599663,55087,847,2352
News & Politics,2823752,40984,1353,7292
Comedy,3117790,245506,8247,8390
Entertainment,112113,11963,166,160
Comedy,2833032,95252,6294,7268
Entertainment,1938619,37587,1345,2899
Entertainment,296808,28957,303,1081
People & Blogs,371971,8032,252,3739
Comedy,395038,35120,442,3019
Comedy,1947276,142796,2574,12172
Music,1069527,91291,2134,4313
Gaming,104428,13713,133,576
Sports,126596,3069,60,391
Entertainment,905433,53216,879,2764
Entertainment,7007807,140922,560,10522
Howto & Style,92688,3496,114,221
Music,1282179,144602,642,7157
Gaming,228159,27693,603,3656
Music,73193,5473,61,196
Entertainment,2743937,44550,1133,1835
Entertainment,23439,1943,29,15
Music,570172,52886,542,3005
Howto & Style,139640,1270,296,83
Comedy,104799,6537,7732,1193
Sports,117864,1876,124,393
Music,178548,6239,127,189
Autos & Vehicles,545519,12046,360,957
Entertainment,251632,19494,78,443
Entertainment,3520925,31140,1847,4552
Science & Technology,6285649,234464,6534,18691
Howto & Style,94686,13852,85,350
Sports,300857,3766,71,633
People & Blogs,660650,90554,638,1515
Entertainment,4613805,67894,1756,10982
Entertainment,787092,8460,972,3706
Entertainment,722570,15309,412,1397
News & Politics,290078,9454,336,1073
Music,287417,10225,198,516
Music,246942,14378,243,930
Gaming,211100,3534,67,912
Entertainment,392378,9819,267,2771
Entertainment,943797,55126,2464,2287
Sports,55111,2330,16,284
People & Blogs,1066447,15690,358,1361
Entertainment,427825,3384,272,623
News & Politics,263669,2504,162,756
Music,42473,352,57,40
News & Politics,42358,2650,58,253
Sports,903121,14356,393,2933
Entertainment,158767,3022,95,1023
Sports,112339,10823,210,55
Film & Animation,289949,3487,260,691
Gaming,28814,7394,122,658
Entertainment,699612,23852,438,874
Science & Technology,88013,259,189,16
Comedy,646020,7282,140,1622
News & Politics,288288,7549,160,1359
Sports,115783,3225,154,864
Entertainment,147064,14007,239,2378
People & Blogs,90604,4214,164,87
People & Blogs,145294,11732,183,1471
People & Blogs,5780921,281686,2921,22745
News & Politics,2425164,13304,894,0
Music,16003669,761678,17646,47733
People & Blogs,390878,34830,1037,2511
Music,51349,1951,40,206
Entertainment,1211801,68321,1311,1477
Entertainment,37195,2550,29,217
News & Politics,59575,0,0,0
Music,168390,6900,88,374
Entertainment,31801966,2097383,35643,201628
Comedy,115987,6976,88,213
People & Blogs,816374,78889,2094,3299
Sports,3187219,34444,1047,2977
Autos & Vehicles,165817,1522,64,35
Entertainment,872381,44104,322,2160
People & Blogs,25761,1919,63,138
Film & Animation,321277,13476,141,0
Entertainment,1132874,16539,1683,3427
People & Blogs,279422,6512,117,1140
People & Blogs,43649,882,31,181
Entertainment,67523,11115,187,606
Comedy,138768,17227,385,2135
Entertainment,288950,20637,135,430
Entertainment,574371,4431,200,606
Sports,1007788,27913,316,1709
Entertainment,394288,14633,383,859
Gaming,252339,13202,595,0
News & Politics,535174,1948,127,655
Pets & Animals,224484,8177,57,679
Entertainment,350017,10651,1081,772
Entertainment,260935,4512,119,807
Entertainment,2659268,25377,975,1144
Sports,301710,11756,155,1082
Autos & Vehicles,422869,12821,376,5428
Music,1721891,75394,1637,6844
People & Blogs,256088,38139,184,1756
Entertainment,865590,0,0,2227
People & Blogs,120812,3174,80,143
Sports,152692,13882,176,1179
Comedy,471582,16298,200,425
People & Blogs,811479,96920,1075,2551
Music,168647,8192,391,325
People & Blogs,32466,4940,149,184
Film & Animation,218748,2148,219,320
Music,82321,1460,47,43
Entertainment,304901,8841,183,500
Autos & Vehicles,41544,1187,67,97
People & Blogs,148200,1791,47,288
Entertainment,148955,5818,309,232
Sports,864110,30586,804,1671
Entertainment,556599,31751,610,1519
Entertainment,259956,2638,493,2263
Entertainment,1320649,14710,819,3466
People & Blogs,1435293,173751,549,9420
Music,49243,239,20,0
Sports,611947,9706,425,1763
Entertainment,1383493,30580,793,1969
Entertainment,223731,12950,79,885
Entertainment,5076718,322447,4343,17260
Entertainment,676593,8130,276,1137
Film & Animation,448493,3265,4374,837
Autos & Vehicles,174817,9974,412,432
Sports,377232,7749,105,587
Music,534397,10779,255,10
News & Politics,429562,2659,119,151
Entertainment,1201120,28007,2028,1640
People & Blogs,623801,62930,1392,2956
Howto & Style,2555046,71799,1103,7384
Education,102916,7437,239,789
Science & Technology,335773,33140,1008,3891
Sports,210143,20482,402,1082
Entertainment,1088045,22431,725,976
Music,2944552,49102,1911,4761
Entertainment,775244,0,0,16663
Sports,542746,14648,279,940
Gaming,99016,2466,31,335
Entertainment,1085765,20459,1076,718
Entertainment,209886,1280,118,20
Comedy,584966,14909,275,1719
Music,554391,29126,500,1323
Entertainment,135382,4328,160,461
People & Blogs,57801,744,19,18
Music,261673,29125,399,1154
Entertainment,127884,13329,255,610
Entertainment,531905,21147,728,893
People & Blogs,2282907,128109,811,4132
Entertainment,950001,45333,1644,0
Comedy,450525,9370,198,919
People & Blogs,89935,10437,522,687
People & Blogs,139463,3396,93,784
Entertainment,256994,6874,63,549
Entertainment,883084,71530,1151,7875
Entertainment,72296,5904,38,468
Music,3105647,34919,457,1160
Entertainment,316950,8662,88,197
,37104,3091,306,577
Entertainment,253439,3095,122,847
People & Blogs,318488,15747,741,1910
Music,1183968,43372,519,1080
Entertainment,653879,48997,1700,1713
Music,3623491,124032,6938,7881
News & Politics,8892204,386477,10200,6417
Science & Technology,194228,3542,92,304
Entertainment,156088,6727,1223,869
Entertainment,283450,6457,417,985
Gaming,514975,48883,726,798
People & Blogs,64642,7248,39,1198
People & Blogs,102952,3080,57,0
Entertainment,10886139,1158303,26118,72573
Comedy,373228,3484,134,493
Music,156269,4941,35,967
People & Blogs,2002261,140560,709,3868
People & Blogs,1134759,87936,475,5887
Music,714768,20620,601,1505
People & Blogs,4378366,558799,5420,17345
Gaming,478155,9608,395,0
Science & Technology,289516,43238,265,3256
Comedy,126164,3741,174,436
Entertainment,329437,17194,91,1791
Comedy,513940,37343,556,1983
Howto & Style,129355,6200,187,282
Entertainment,3096333,282118,3831,19040
Sports,106299,18506,75,305
Gaming,142581,16874,262,1359
,935213,4722,788,2887
News & Politics,273581,20747,232,1020
Music,221807,6155,139,2119
News & Politics,57235,4198,76,526
Comedy,94367,12510,112,1447
Entertainment,1494217,120355,1212,4286
Autos & Vehicles,268770,3507,123,482
Music,72259,9155,154,917
Pets & Animals,677751,15519,335,994
Entertainment,2486474,62659,2274,1826
People & Blogs,1168742,23850,642,2599
Music,142287,24441,131,2184
Comedy,126320,10178,217,374
Howto & Style,66366,7426,217,561
Music,6414967,218190,3451,12744
Sports,2414043,31431,1590,4978
Music,293294,31304,326,2184
Autos & Vehicles,189030,1977,124,586
Entertainment,1199541,101866,1332,5727
Sports,60795,5804,54,318
Comedy,406561,26439,491,1146
News & Politics,153273,883,204,222
Music,4876101,326305,4412,66754
Music,663507,21521,496,1430
Music,426471,57875,284,6965
Howto & Style,292184,8207,414,419
Howto & Style,1149379,8760,1439,0
Sports,59187,2330,18,414
Film & Animation,776290,112956,1254,6659
Sports,589491,11247,329,2410
Music,1545943,63340,848,1861
Howto & Style,2200166,61916,881,8877
Howto & Style,432802,25419,293,2513
Film & Animation,334157,11893,237,227
Music,794095,46534,1040,3176
Sports,1062298,35095,1414,6458
People & Blogs,70603,8669,66,582
Science & Technology,1412165,67549,624,2563
Entertainment,170748,6282,271,359
Music,11058304,2658395,7113,88065
People & Blogs,84956,2881,209,1180
Entertainment,951120,14388,674,1590
Entertainment,200875,1565,22,0
Sports,93108,1051,53,347
Sports,51141,3826,160,773
Comedy,789027,38623,2113,1761
Sports,558887,23182,504,47
Film & Animation,67530,1076,78,160
People & Blogs,25766052,794836,34223,79421
Sports,234171,2769,85,181
Science & Technology,1757619,156758,3777,11550
Sports,216483,5225,103,732
Sports,1111007,20031,836,7863
Music,110081,4057,528,206
People & Blogs,692269,67931,1535,9290
People & Blogs,55873,2132,74,0
Music,4369438,155711,6144,6235
News & Politics,693106,32291,839,743
Music,23430,875,27,26
Autos & Vehicles,405358,9877,908,3927
Music,1013015,0,0,5557
Entertainment,404950,27417,557,1862
People & Blogs,179845,8346,409,903
People & Blogs,27110,1015,72,103
Comedy,4733803,41002,10956,2837
Entertainment,376869,4457,1529,1867
Entertainment,64179,6930,189,522
Sports,89460,15135,85,249
People & Blogs,98645,2029,55,40
Entertainment,323152,2335,323,290
Entertainment,4980081,203669,2344,8986
Sports,1490003,16826,3346,4094
Sports,773912,19608,316,1388
Sports,152333,17374,187,58
People & Blogs,122534,5213,24,593
Comedy,699957,12831,2509,1500
Entertainment,677794,28865,812,1084
Music,2671189,123740,1036,3398
Sports,614228,64610,726,2344
Travel & Events,329514,23500,767,1051
Sports,29422743,100490,4165,6203
Sports,51135,1891,85,278
People & Blogs,1553965,210253,6166,28655
Autos & Vehicles,124293,19080,251,2422
Entertainment,458772,34418,1470,1416
Comedy,4882602,384180,4831,33238
Sports,416616,5731,150,1485
Music,132770,3100,37,124
Entertainment,13606854,948016,34977,103259
Gaming,901400,99829,705,9340
Film & Animation,345885,77347,397,6782
Film & Animation,33323,3995,58,175
People & Blogs,316197,31206,841,1523
Comedy,452761,46333,1062,5840
Comedy,1215682,152339,1385,14815
Entertainment,256860,3093,218,446
Sports,582872,6309,197,1248
People & Blogs,65779,8458,209,670
News & Politics,130139,1998,57,517
Sports,66539,670,28,4
Gaming,318603,34746,400,18
Sports,52533,2422,39,264
Gaming,608544,79967,1498,12644
Gaming,1948047,49564,3432,4705
Entertainment,216539,9944,55,592
Entertainment,535067,55488,904,1172
Science & Technology,139775,2347,201,407
Music,93243,7192,205,464
Music,88038,4413,82,167
News & Politics,111416,8684,500,1335
Education,127641,14408,297,2133
Entertainment,86432,3755,77,151
Entertainment,1737060,56866,1990,3787
Travel & Events,685163,43403,974,4998
Comedy,498728,59532,1711,2469
Sports,86004,7268,48,272
News & Politics,932519,18471,2829,2839
Entertainment,25573,3073,40,24
Comedy,344126,11069,98,743
Entertainment,1563984,160790,2028,8059
Entertainment,92978,1258,129,163
Comedy,1214653,86506,750,1252
Music,590534,41348,420,1692
Sports,548104,4439,319,1293
Sports,3892033,60160,2312,2932
People & Blogs,196882,14688,568,901
Autos & Vehicles,1361840,164325,4107,6122
News & Politics,453707,6704,181,1895
Music,135070,8388,331,2699
Entertainment,506164,4893,137,58
Entertainment,266422,3250,302,2087
People & Blogs,226146,20613,902,3880
Autos & Vehicles,320468,17761,575,0
Music,81694,2125,24,218
Autos & Vehicles,25567,2134,32,363
Autos & Vehicles,455342,27957,951,10534
Sports,24667,2348,63,255
Entertainment,4176096,391908,1815,8898
Film & Animation,68544,1836,123,1042
Sports,61829,760,1515,946
Howto & Style,297876,2097,104,67
Autos & Vehicles,577158,12376,330,962
Music,807954,20042,1089,648
People & Blogs,142899,10307,94,838
News & Politics,271071,3579,163,639
News & Politics,1561241,51684,932,1592
People & Blogs,847112,34679,967,3115
Sports,2766747,33826,1627,1476
Comedy,226414,6121,663,1284
Gaming,97204,3721,82,457
Sports,231692,5178,211,336
People & Blogs,374202,10057,269,787
Entertainment,124268,13237,274,478
Entertainment,85084,4641,127,380
Entertainment,1127991,32802,219,878
Gaming,404255,7693,83,3519
People & Blogs,217064,10496,88,700
Entertainment,1007253,45234,561,1696
Science & Technology,2520987,79893,2734,7785
Entertainment,40984,6605,87,319
Entertainment,993250,13639,164,765
Entertainment,397399,40364,1020,1079
Howto & Style,98247,5839,246,530
Sports,815990,3907,213,473
Howto & Style,580898,43699,604,1556
Entertainment,237617,12131,544,1122
People & Blogs,86982,2836,62,455
People & Blogs,296136,32394,552,2170
Entertainment,242347,2141,584,0
News & Politics,335636,2108,451,579
Entertainment,507817,41354,366,4336
People & Blogs,384350,40108,124,4389
Comedy,370419,63361,376,1717
Music,112346,4844,101,299
Sports,146651,2339,85,211
Entertainment,765683,27018,438,2772
Education,278489,27724,205,1052
Pets & Animals,656842,0,0,316
Gaming,303886,4141,142,21
Entertainment,284545,1879,189,66
Howto & Style,481394,4561,690,334
People & Blogs,53099,3595,249,280
Music,188736,1314,154,58
Sports,747768,24218,532,991
Sports,614036,11078,319,1259
Sports,194592,10359,245,1003
Entertainment,117331,17382,353,516
Film & Animation,144933,2617,87,684
Comedy,231488,11038,428,753
Sports,31255,193,8,8
Sports,74144,889,26,80
Music,132941,7813,135,311
Education,2175096,161805,977,10388
Comedy,657800,38243,3189,2317
People & Blogs,204793,10492,863,620
Comedy,924119,7749,518,804
Gaming,45248,6736,48,327
Gaming,82720,8267,174,1760
People & Blogs,261781,7410,192,818
Music,1296115,15875,247,741
Sports,249711,4180,360,125
News & Politics,1029341,12896,980,186
People & Blogs,64911,644,139,35
People & Blogs,21088,1956,133,220
Howto & Style,93019,8029,84,451
News & Politics,100313,532,25,638
Entertainment,362460,3719,984,1621
Howto & Style,297373,4242,196,184
Autos & Vehicles,396585,12603,474,1472
Film & Animation,454322,0,0,0
Music,3266152,245893,1392,13153
People & Blogs,49298,5157,177,686
Comedy,1495037,171402,1295,9558
People & Blogs,74088,6508,146,645
Entertainment,985473,16639,1407,3046
Music,48954,4379,22,246
Entertainment,52744,6721,95,250
Comedy,720697,17804,646,437
Sports,706127,23533,328,808
Comedy,807268,8557,512,1786
Music,622413,53547,279,3695
Sports,403661,20614,134,51
News & Politics,175058,4939,114,1007
,84502,4004,94,184
Entertainment,140570,3075,178,784
Entertainment,3035133,164937,1448,25180
Entertainment,118379,7851,347,165
Sports,116964,1475,45,356
Sports,202557,1336,97,754
Gaming,1298454,115914,2657,16589
Sports,747646,3061,155,1761
Gaming,125393,4952,233,203
Science & Technology,511485,7929,143,1663
Comedy,205040,15959,167,1048
News & Politics,280267,6970,721,3594
Music,3055883,45748,1480,2235
Gaming,262763,8140,1134,0
Music,199737,17267,107,763
News & Politics,576146,2971,1745,3180
Film & Animation,314888,4704,87,562
Gaming,149211,14581,272,485
Comedy,1029424,117782,2416,2459
Comedy,720210,92187,2364,3625
Entertainment,4742515,68475,4992,2806
News & Politics,290956,48654,172,6363
Music,90839,1786,55,62
News & Politics,50763,1640,140,35
Entertainment,972903,10726,439,1133
Howto & Style,371053,22272,210,480
News & Politics,437457,16006,1146,1744
Music,156986,3284,179,255
People & Blogs,297281,73325,427,2145
People & Blogs,272990,37188,294,1747
People & Blogs,210754,3407,128,112
Sports,1204364,146240,1146,3891
Entertainment,1199938,79056,1124,1758
People & Blogs,63021,5148,162,1694
Entertainment,113661,6495,242,582
Entertainment,112484,13512,413,450
Gaming,1103767,74980,685,6187
Entertainment,3764774,63864,3151,1341
Entertainment,789842,19139,362,2270
Entertainment,289721,17051,367,313
Comedy,255406,19066,1106,1255
Autos & Vehicles,84459,8874,161,646
Comedy,66556,4387,51,175
Comedy,172892,23240,119,1171
Entertainment,966591,12542,395,1785
Howto & Style,334419,6593,182,0
Entertainment,924097,15220,1144,981
Sports,620477,47450,1765,5906
Entertainment,324677,18045,157,477
Entertainment,637822,8456,231,866
Entertainment,237951,4139,64,112
Sports,157428,4437,153,364
Gaming,203701,3317,64,431
People & Blogs,997319,63370,935,4217
Gaming,908118,121175,1311,0
Education,574501,50521,1416,5030
Howto & Style,369428,37072,334,735
Comedy,100660,14538,123,889
Entertainment,77293,724,93,31
Film & Animation,181255,972,140,123
Film & Animation,175820,27972,531,1738
News & Politics,144454,1844,241,0
Entertainment,132115,1627,115,612
Sports,101909,5326,51,237
People & Blogs,24858,2752,75,737
News & Politics,475382,31215,1241,1310
Entertainment,388950,7055,409,971
Gaming,59651,3287,190,240
Sports,487209,41709,788,1983
News & Politics,48620,1848,49,65
People & Blogs,1406467,36964,855,2047
Comedy,583988,89300,1072,2741
People & Blogs,1009636,60510,14966,7347
Entertainment,3498946,250562,1411,21543
Music,277203,3188,74,17
Music,1350916,94162,2062,14451
People & Blogs,340474,8503,1177,247
News & Politics,340700,1561,2464,409
Comedy,208618,4030,278,319
Entertainment,105087,7734,640,541
,81730,9757,86,1479
Music,504315,3121,907,573
Entertainment,1952261,12824,2142,1483
Entertainment,86099,3866,73,601
Comedy,759455,66275,494,3186
News & Politics,369955,1665,281,281
People & Blogs,317574,7515,247,880
Entertainment,5645257,563640,3676,14419
Gaming,61727,5694,312,642
News & Politics,379442,7162,292,6390
Entertainment,960774,32772,489,1864
Sports,361397,14306,346,141
People & Blogs,140556,7607,52,394
Sports,864985,68652,1344,2405
Entertainment,1653198,30559,1184,6477
Music,227346,61198,80,3536
Sports,1089403,14839,645,426
Science & Technology,68166,2419,92,518
Entertainment,431661,0,0,2131
People & Blogs,221813,5988,377,616
Entertainment,59923,892,72,140
Autos & Vehicles,704339,58337,1651,9023
Entertainment,106654,1861,33,108
Comedy,1007275,75366,1051,5398
Music,809417,37004,802,2597
Howto & Style,233712,4368,393,262
News & Politics,163066,7681,353,597
Autos & Vehicles,49892,3294,80,370
Entertainment,272349,21895,123,2421
Entertainment,2847578,49783,636,2968
People & Blogs,185831,25996,273,1641
People & Blogs,525467,16489,324,1765
Travel & Events,316362,29340,462,3211
Entertainment,113635,13889,461,1764
Film & Animation,544191,27709,354,2277
Entertainment,324665,0,0,0
Science & Technology,2050200,3382,1388,0
Sports,343295,10756,245,608
Gaming,232800,25160,11022,3221
Comedy,1767194,163946,861,16825
Entertainment,189179,19321,197,2183
Entertainment,99448,3731,107,315
Entertainment,4473208,70484,5221,2596
Entertainment,233538,31086,351,1060
Sports,477513,12567,122,608
Entertainment,829759,7563,287,756
Music,1559164,155111,319,7553
Entertainment,474409,7092,227,3551
Sports,702091,9697,197,1393
News & Politics,85513,1027,46,222
Music,42297,4446,23,201
News & Politics,242167,4496,567,1485
Sports,51914,592,14,152
Entertainment,122546,2915,81,280
Comedy,303511,6713,411,1275
People & Blogs,27587,3394,18,292
People & Blogs,534396,15389,249,869
Sports,426121,3339,106,857
People & Blogs,554126,54709,449,2712
News & Politics,252309,3187,184,766
Film & Animation,104340,950,111,145
Gaming,42497,6374,36,404
Film & Animation,3706044,0,0,0
Entertainment,1885508,62978,890,3695
Gaming,365510,52103,526,215
People & Blogs,3181599,204894,12476,16012
Sports,4223574,67214,2809,3701
People & Blogs,378965,12158,97,1246
Education,157618,13514,247,1695
Science & Technology,963682,58798,6246,6479
People & Blogs,463924,29842,909,857
News & Politics,460216,13699,562,1365
Science & Technology,583167,4761,737,1185
Music,998723,14922,543,1540
Entertainment,752659,12867,261,2469
Entertainment,534977,40129,436,1295
Film & Animation,50870,3079,33,201
Music,41573,2842,25,208
Education,335485,23848,284,2550
Comedy,811692,63957,357,1939
Comedy,120603,2370,56,204
People & Blogs,2192500,151205,1073,3435
Entertainment,553913,8698,281,1744
Film & Animation,132014,1823,110,326
News & Politics,234445,2138,761,2555
Music,61421,10412,115,684
People & Blogs,898666,59740,1349,1579
,176785,31527,328,6066
Music,827872,80245,1503,4684
Music,257634,10646,147,94
Film & Animation,158614,604,78,69
Entertainment,199753,3718,329,309
Comedy,74484,9343,80,870
People & Blogs,392841,29129,745,589
Music,1066528,81306,2367,5555
Music,629157,31657,935,2391
People & Blogs,97384,2034,41,273
News & Politics,680395,11759,1996,3549
Entertainment,535006,58888,3967,1893
Comedy,376128,38006,432,2653
Music,470025,106535,121,4333
Comedy,454574,5722,365,107
Entertainment,356461,32175,261,1255
Comedy,1431010,136225,12586,83477
People & Blogs,2351163,212131,5009,9153
People & Blogs,5224053,354927,8684,17979
Music,54857,1658,21,13
People & Blogs,120916,3606,188,1024
Entertainment,814012,96885,677,2141
Film & Animation,7092782,226902,5540,13469
Entertainment,497418,5476,298,515
Music,235657,24281,2760,1641
Music,1201328,63358,964,3421
Sports,986139,74825,1082,4370
Film & Animation,1507010,29400,993,5333
Howto & Style,396615,7073,355,1052
News & Politics,93214,2880,214,936
Film & Animation,121846,1516,98,171
,525900,2506,425,1326
Entertainment,222383,29368,393,0
News & Politics,192368,7172,308,999
Entertainment,952156,10461,2677,1363
Sports,2457712,33285,2348,1172
Music,594799,12052,206,228
Comedy,262241,12672,337,534
People & Blogs,211752,30804,717,5173
Entertainment,322365,20833,275,1729
People & Blogs,1368043,35433,611,2526
,854447,42854,1984,7267
Howto & Style,536265,20585,278,1803
Sports,415478,37719,954,2464
Entertainment,5806263,17746,8502,359
Education,74133,5713,87,272
Sports,68256,4754,103,322
Sports,99501,12918,237,1509
Music,1176222,20872,2182,1267
Film & Animation,81744,1662,100,289
Sports,95898,9046,139,377
Film & Animation,296668,2499,55,844
Music,50746,1613,52,53
Entertainment,1286000,14706,467,136
Music,537198,36211,401,1127
Entertainment,1093594,40152,715,4313
Music,1343422,64367,1958,2542
Entertainment,53260,777,18,0
Sports,169015,3999,81,683
Sports,236702,4121,63,388
Howto & Style,266050,23364,254,2514
Music,448156,49712,2344,6043
Autos & Vehicles,22997,2258,72,337
Sports,1042554,34441,856,4636
Sports,13657885,521196,7417,16967
Entertainment,131137,4506,157,452
Entertainment,564320,56652,4458,4426
Education,342336,11734,513,1609
People & Blogs,184988,25406,512,7367
Comedy,6042689,610346,5761,58830
Entertainment,41211,7150,84,409
Entertainment,398686,14391,2328,7692
Gaming,290461,32945,417,283
Film & Animation,246906,1071,200,48
Autos & Vehicles,181617,1962,112,166
Sports,60104,1575,17,181
Entertainment,649344,16750,213,962
Music,90926,7701,68,265
Sports,63575,5180,36,108
Music,1104931,42273,1206,1282
Pets & Animals,137363,5384,65,963
Sports,1094644,18198,521,1636
Entertainment,177198,1748,136,148
Science & Technology,1605941,17375,732,4323
People & Blogs,32366,4977,45,513
People & Blogs,687926,8048,1283,209
,868120,4015,707,1906
News & Politics,450887,19465,760,2590
Sports,2394783,63122,2933,6806
Education,86100,6760,434,0
Music,402574,26469,406,1233
Music,67547,3446,73,267
Sports,85940,3046,105,390
Film & Animation,382639,10332,93,0
Howto & Style,78438,2170,22,137
Sports,92121,1664,26,130
Music,5123059,117721,2120,5292
Entertainment,648339,83510,871,2951
Entertainment,52531,709,84,51
Music,943034,98834,893,8982
People & Blogs,468595,5988,1976,2489
Entertainment,932285,25918,862,1392
